{
  "project_info": {
    "project_number": "623894972044",
    "project_id": "authentication-fe309",
    "storage_bucket": "authentication-fe309.appspot.com"
  },
  "client": [
    {
      "client_info": {
        "mobilesdk_app_id": "1:623894972044:android:1777118800bcc3c6809da9",
        "android_client_info": {
          "package_name": "com.example.project"
        }
      },
      "oauth_client": [
        {
          "client_id": "623894972044-i8j9v4g5hjmilt2mdvfps5bl4fpnhs7a.apps.googleusercontent.com",
          "client_type": 3
        }
      ],
      "api_key": [
        {
          "current_key": "AIzaSyDBklc5BeiJGPq8QdXPh1ih-NdxMjWwvx4"
        }
      ],
      "services": {
        "appinvite_service": {
          "other_platform_oauth_client": [
            {
              "client_id": "623894972044-i8j9v4g5hjmilt2mdvfps5bl4fpnhs7a.apps.googleusercontent.com",
              "client_type": 3
            }
          ]
        }
      }
    }
  ],
  "configuration_version": "1"
}